{
  "baseline_accuracy": 0.5775,
  "feature_ablation": {
    "N": [
      5,
      10,
      25,
      50
    ],
    "accuracy": [
      0.5515,
      0.531,
      0.489,
      0.4765
    ],
    "accuracy_drop": [
      0.026000000000000023,
      0.046499999999999986,
      0.08850000000000002,
      0.10100000000000003
    ],
    "ci_low": [
      0.53,
      0.509,
      0.4665,
      0.456
    ],
    "ci_high": [
      0.5740124999999999,
      0.5535125,
      0.5120125,
      0.499
    ]
  },
  "head_ablation": {
    "heads": [
      0,
      1,
      2,
      3,
      4,
      5,
      6,
      7
    ],
    "accuracy": [
      0.5625,
      0.5185,
      0.539,
      0.533,
      0.542,
      0.5655,
      0.511,
      0.5795
    ],
    "accuracy_drop": [
      0.015000000000000013,
      0.05900000000000005,
      0.03849999999999998,
      0.044499999999999984,
      0.035499999999999976,
      0.01200000000000001,
      0.0665,
      -0.0020000000000000018
    ]
  },
  "induction_heads_identified": [],
  "n_probes": 2000,
  "n_bootstrap": 1000
}