{
  "target_features": [
    15289,
    11606,
    14740,
    7467
  ],
  "n_probes": 500,
  "layer": 12,
  "n_heads": 8,
  "baseline_mean": [
    3.8662002086639404,
    2.6944570541381836,
    0.8037334084510803,
    0.7546154856681824
  ],
  "baseline_std": [
    3.039306640625,
    3.161219358444214,
    1.966410756111145,
    1.7684770822525024
  ],
  "head_results": {
    "0": {
      "ablated_mean": [
        3.119072914123535,
        1.757360816001892,
        1.3072744607925415,
        0.7020804286003113
      ],
      "ablated_std": [
        3.1840627193450928,
        2.8304522037506104,
        2.4797093868255615,
        1.7979657649993896
      ],
      "reduction": [
        0.7471272945404053,
        0.9370962381362915,
        -0.5035410523414612,
        0.052535057067871094
      ],
      "reduction_pct": [
        19.324588775634766,
        34.77866744995117,
        -62.6502571105957,
        6.961831569671631
      ],
      "ci_low_reduction": [
        0.3612945338544909,
        0.5651631396733949,
        -0.7809448302627856,
        -0.16852291679586814
      ],
      "ci_high_reduction": [
        1.1329600552263197,
        1.309029336599188,
        -0.22613727442013676,
        0.27359303093161036
      ]
    },
    "1": {
      "ablated_mean": [
        2.265465259552002,
        2.7995412349700928,
        0.8528597950935364,
        0.8453608155250549
      ],
      "ablated_std": [
        2.8057992458343506,
        3.1988422870635986,
        1.9869939088821411,
        1.8692682981491089
      ],
      "reduction": [
        1.6007349491119385,
        -0.10508418083190918,
        -0.049126386642456055,
        -0.09074532985687256
      ],
      "reduction_pct": [
        41.40331268310547,
        -3.9000132083892822,
        -6.112273693084717,
        -12.025373458862305
      ],
      "ci_low_reduction": [
        1.238162556882961,
        -0.49929178276007347,
        -0.294164267467103,
        -0.3163016523050851
      ],
      "ci_high_reduction": [
        1.963307341340916,
        0.2891234210962551,
        0.1959114941821909,
        0.13481099259134
      ]
    },
    "2": {
      "ablated_mean": [
        3.8514294624328613,
        2.3075873851776123,
        0.9942024946212769,
        0.213068887591362
      ],
      "ablated_std": [
        3.31125807762146,
        3.163092613220215,
        2.288634777069092,
        1.0108296871185303
      ],
      "reduction": [
        0.014770746231079102,
        0.3868696689605713,
        -0.19046908617019653,
        0.5415465831756592
      ],
      "reduction_pct": [
        0.3820481598377228,
        14.357982635498047,
        -23.698041915893555,
        71.76457214355469
      ],
      "ci_low_reduction": [
        -0.37920207559125024,
        -0.00511526532762413,
        -0.4549546613766963,
        0.3629974217005918
      ],
      "ci_high_reduction": [
        0.40874356805340845,
        0.7788546032487667,
        0.07401648903630326,
        0.720095774453049
      ]
    },
    "3": {
      "ablated_mean": [
        1.6459236145019531,
        3.2446227073669434,
        0.4765307307243347,
        0.7017901539802551
      ],
      "ablated_std": [
        2.530291795730591,
        3.3016116619110107,
        1.464136004447937,
        1.7211341857910156
      ],
      "reduction": [
        2.2202765941619873,
        -0.5501656532287598,
        0.3272026777267456,
        0.052825331687927246
      ],
      "reduction_pct": [
        57.42787551879883,
        -20.41842269897461,
        40.71034622192383,
        7.000298023223877
      ],
      "ci_low_reduction": [
        1.873630643661848,
        -0.9508305713965253,
        0.11230826519035475,
        -0.16348291944536952
      ],
      "ci_high_reduction": [
        2.5669225446621264,
        -0.14950073506099432,
        0.5420970902631365,
        0.269133582821224
      ]
    },
    "4": {
      "ablated_mean": [
        3.825237274169922,
        2.708308696746826,
        0.6827524304389954,
        0.6329789161682129
      ],
      "ablated_std": [
        3.022355794906616,
        3.203885555267334,
        1.8072419166564941,
        1.6308624744415283
      ],
      "reduction": [
        0.040962934494018555,
        -0.013851642608642578,
        0.12098097801208496,
        0.12163656949996948
      ],
      "reduction_pct": [
        1.059514045715332,
        -0.5140791535377502,
        15.052376747131348,
        16.1190128326416
      ],
      "ci_low_reduction": [
        -0.33474426467304996,
        -0.4083737955005518,
        -0.11312040140512186,
        -0.08922925601748152
      ],
      "ci_high_reduction": [
        0.41667013366108707,
        0.38067051028326665,
        0.3550823574292918,
        0.3325023950174205
      ]
    },
    "5": {
      "ablated_mean": [
        3.6869242191314697,
        2.371623992919922,
        0.8083592057228088,
        1.1303564310073853
      ],
      "ablated_std": [
        3.013186454772949,
        3.0333006381988525,
        1.9375320672988892,
        2.095797061920166
      ],
      "reduction": [
        0.1792759895324707,
        0.3228330612182617,
        -0.004625797271728516,
        -0.3757409453392029
      ],
      "reduction_pct": [
        4.637007236480713,
        11.981376647949219,
        -0.5755387544631958,
        -49.7923698425293
      ],
      "ci_low_reduction": [
        -0.19586491241539428,
        -0.06118911999924631,
        -0.24660130054969412,
        -0.6161088201511816
      ],
      "ci_high_reduction": [
        0.5544168914803357,
        0.7068552424357697,
        0.2373497060062371,
        -0.13537307052722414
      ]
    },
    "6": {
      "ablated_mean": [
        3.4133520126342773,
        1.3273388147354126,
        1.2811360359191895,
        0.4084521234035492
      ],
      "ablated_std": [
        3.4706475734710693,
        2.645683765411377,
        2.632061719894409,
        1.4679354429244995
      ],
      "reduction": [
        0.4528481960296631,
        1.367118239402771,
        -0.47740262746810913,
        0.3461633622646332
      ],
      "reduction_pct": [
        11.713004112243652,
        50.73817443847656,
        -59.39813232421875,
        45.8728141784668
      ],
      "ci_low_reduction": [
        0.0484723177247145,
        1.0057870386223156,
        -0.7653895321812705,
        0.14470538119450652
      ],
      "ci_high_reduction": [
        0.8572240743346117,
        1.7284494401832264,
        -0.18941572275494784,
        0.5476213433347599
      ]
    },
    "7": {
      "ablated_mean": [
        3.422527313232422,
        3.6773242950439453,
        2.368400812149048,
        1.1960575580596924
      ],
      "ablated_std": [
        2.93040132522583,
        3.2849769592285156,
        2.9592437744140625,
        2.143371105194092
      ],
      "reduction": [
        0.44367289543151855,
        -0.9828672409057617,
        -1.5646674633026123,
        -0.44144207239151
      ],
      "reduction_pct": [
        11.47568416595459,
        -36.47737503051758,
        -194.6749267578125,
        -58.49894332885742
      ],
      "ci_low_reduction": [
        0.07360499716375174,
        -1.3824802531989255,
        -1.8761026455961565,
        -0.6850118155040066
      ],
      "ci_high_reduction": [
        0.8137407936992853,
        -0.5832542286125979,
        -1.2532321617997786,
        -0.19787232927901338
      ]
    }
  }
}