{
  "target_features": [
    15289,
    11606,
    14740,
    7467
  ],
  "n_probes": 500,
  "layer": 12,
  "n_heads": 8,
  "baseline_mean": [
    3.8662002086639404,
    2.6944570541381836,
    0.8037334084510803,
    0.7546154856681824
  ],
  "baseline_std": [
    3.039306640625,
    3.161219358444214,
    1.966410756111145,
    1.7684770822525024
  ],
  "head_results": {
    "0": {
      "ablated_mean": [
        3.7292261123657227,
        2.488300085067749,
        1.093674898147583,
        0.6796367168426514
      ],
      "ablated_std": [
        3.1427531242370605,
        3.1677725315093994,
        2.299687623977661,
        1.7344751358032227
      ],
      "reduction": [
        0.13697409629821777,
        0.20615696907043457,
        -0.2899414896965027,
        0.074978768825531
      ],
      "reduction_pct": [
        3.542860984802246,
        7.651151180267334,
        -36.074337005615234,
        9.936022758483887
      ]
    },
    "1": {
      "ablated_mean": [
        3.829960346221924,
        2.581852674484253,
        0.6111117601394653,
        0.669070303440094
      ],
      "ablated_std": [
        3.017200469970703,
        3.1125504970550537,
        1.7114061117172241,
        1.6548478603363037
      ],
      "reduction": [
        0.0362398624420166,
        0.11260437965393066,
        0.192621648311615,
        0.08554518222808838
      ],
      "reduction_pct": [
        0.9373509287834167,
        4.179112434387207,
        23.965862274169922,
        11.336260795593262
      ]
    },
    "2": {
      "ablated_mean": [
        3.3359811305999756,
        2.648772716522217,
        1.1509943008422852,
        0.575496256351471
      ],
      "ablated_std": [
        3.2155051231384277,
        3.2977569103240967,
        2.391291856765747,
        1.6353200674057007
      ],
      "reduction": [
        0.5302190780639648,
        0.0456843376159668,
        -0.34726089239120483,
        0.17911922931671143
      ],
      "reduction_pct": [
        13.714216232299805,
        1.695493221282959,
        -43.20597839355469,
        23.73649024963379
      ]
    },
    "3": {
      "ablated_mean": [
        3.592322826385498,
        2.9094746112823486,
        0.4695616364479065,
        0.891167163848877
      ],
      "ablated_std": [
        3.009389638900757,
        3.1377792358398438,
        1.4172595739364624,
        1.9205352067947388
      ],
      "reduction": [
        0.2738773822784424,
        -0.21501755714416504,
        0.33417177200317383,
        -0.13655167818069458
      ],
      "reduction_pct": [
        7.083890438079834,
        -7.9799957275390625,
        41.57744216918945,
        -18.095531463623047
      ]
    },
    "4": {
      "ablated_mean": [
        3.873047351837158,
        2.6728830337524414,
        0.7934774160385132,
        0.8074311017990112
      ],
      "ablated_std": [
        3.0440919399261475,
        3.177949905395508,
        1.9431958198547363,
        1.8447502851486206
      ],
      "reduction": [
        -0.0068471431732177734,
        0.021574020385742188,
        0.010255992412567139,
        -0.05281561613082886
      ],
      "reduction_pct": [
        -0.17710265517234802,
        0.8006815910339355,
        1.2760441303253174,
        -6.9990105628967285
      ]
    },
    "5": {
      "ablated_mean": [
        3.7969326972961426,
        2.7068707942962646,
        0.7766489386558533,
        0.7702828049659729
      ],
      "ablated_std": [
        3.0418107509613037,
        3.133840799331665,
        1.9204761981964111,
        1.788741111755371
      ],
      "reduction": [
        0.06926751136779785,
        -0.012413740158081055,
        0.02708446979522705,
        -0.015667319297790527
      ],
      "reduction_pct": [
        1.7916172742843628,
        -0.4607139527797699,
        3.3698325157165527,
        -2.0761990547180176
      ]
    },
    "6": {
      "ablated_mean": [
        3.844541072845459,
        2.5266170501708984,
        1.0536857843399048,
        0.6354964971542358
      ],
      "ablated_std": [
        3.379704713821411,
        3.257097005844116,
        2.323460102081299,
        1.7262368202209473
      ],
      "reduction": [
        0.021659135818481445,
        0.16784000396728516,
        -0.24995237588882446,
        0.11911898851394653
      ],
      "reduction_pct": [
        0.5602176189422607,
        6.229084491729736,
        -31.09891700744629,
        15.785388946533203
      ]
    },
    "7": {
      "ablated_mean": [
        3.717231512069702,
        2.792226791381836,
        0.9311344623565674,
        0.9182190895080566
      ],
      "ablated_std": [
        2.9830174446105957,
        3.1409945487976074,
        2.0633788108825684,
        1.8963913917541504
      ],
      "reduction": [
        0.14896869659423828,
        -0.09776973724365234,
        -0.12740105390548706,
        -0.16360360383987427
      ],
      "reduction_pct": [
        3.8531036376953125,
        -3.6285505294799805,
        -15.851158142089844,
        -21.68039321899414
      ]
    }
  }
}