{
  "seed": 44,
  "n_probes": 2000,
  "n_controls": 2000,
  "top_feature_id": 12906,
  "top_induction_score": 2.062328815460205,
  "top_induction_mean": 3.3211076259613037,
  "top_control_mean": 1.258778691291809,
  "top20_ids": [
    12906,
    10491,
    14132,
    10404,
    11050,
    1555,
    8723,
    7284,
    5383,
    863,
    15710,
    1623,
    9906,
    15143,
    1544,
    3345,
    787,
    12309,
    4616,
    6753
  ],
  "top20_scores": [
    2.062328815460205,
    1.5175551176071167,
    1.426218032836914,
    1.397275447845459,
    1.2525174617767334,
    1.1512928009033203,
    0.967658519744873,
    0.7930471897125244,
    0.6513619422912598,
    0.6376255750656128,
    0.6265316009521484,
    0.6052407026290894,
    0.5834619998931885,
    0.5449533462524414,
    0.5316632986068726,
    0.5228677988052368,
    0.5192661285400391,
    0.49750661849975586,
    0.4840221405029297,
    0.4731866121292114
  ],
  "top20_mean_score": 0.8622790575027466,
  "n_ablate": 50,
  "baseline_accuracy": 0.577,
  "ablated_accuracy": 0.455,
  "drop_pp": 12.199999999999994
}