{
  "seed": 43,
  "n_probes": 2000,
  "n_controls": 2000,
  "top_feature_id": 3931,
  "top_induction_score": 1.539773941040039,
  "top_induction_mean": 11.200384140014648,
  "top_control_mean": 9.66061019897461,
  "top20_ids": [
    3931,
    11310,
    7136,
    5024,
    15229,
    11014,
    8844,
    7218,
    12651,
    15474,
    1613,
    723,
    8776,
    13798,
    971,
    2989,
    2384,
    9416,
    1222,
    16058
  ],
  "top20_scores": [
    1.539773941040039,
    1.3141088485717773,
    1.1274977922439575,
    0.9590034484863281,
    0.9492660164833069,
    0.8545784950256348,
    0.8475655317306519,
    0.7814713716506958,
    0.7425808906555176,
    0.7356448173522949,
    0.6808769106864929,
    0.6702427864074707,
    0.5696988701820374,
    0.5607893466949463,
    0.5331425666809082,
    0.5224461555480957,
    0.5170464515686035,
    0.5017383098602295,
    0.4778103232383728,
    0.45739173889160156
  ],
  "top20_mean_score": 0.7671337723731995,
  "n_ablate": 50,
  "baseline_accuracy": 0.577,
  "ablated_accuracy": 0.389,
  "drop_pp": 18.799999999999994
}